sample_id,host_taxon,host_genus,animal_ecomode,Clade_Order,Family,Diet,Habitat,ecoregion_III
UHM534,Lithobates sylvaticus,Lithobates,Aquatic-Terrestrial-Fossorial,Anuran,Ranidae,Carnivore,Permanent Water,Vivarium
UHM535,Lithobates sylvaticus,Lithobates,Aquatic-Terrestrial-Fossorial,Anuran,Ranidae,Carnivore,Permanent Water,Vivarium
UHM536,Lithobates sylvaticus,Lithobates,Aquatic-Terrestrial-Fossorial,Anuran,Ranidae,Carnivore,Permanent Water,Vivarium
UHM537,Lithobates sylvaticus,Lithobates,Aquatic-Terrestrial-Fossorial,Anuran,Ranidae,Carnivore,Permanent Water,Vivarium
UHM538,Lithobates sylvaticus,Lithobates,Aquatic-Terrestrial-Fossorial,Anuran,Ranidae,Carnivore,Permanent Water,Vivarium
UHM539,Lithobates sylvaticus,Lithobates,Aquatic-Terrestrial-Fossorial,Anuran,Ranidae,Carnivore,Permanent Water,Vivarium
UHM540,Lithobates sylvaticus,Lithobates,Aquatic-Terrestrial-Fossorial,Anuran,Ranidae,Carnivore,Permanent Water,Vivarium
UHM541,Lithobates sylvaticus,Lithobates,Aquatic-Terrestrial-Fossorial,Anuran,Ranidae,Carnivore,Permanent Water,Vivarium
UHM542,Lithobates sylvaticus,Lithobates,Aquatic-Terrestrial-Fossorial,Anuran,Ranidae,Carnivore,Permanent Water,Vivarium
UHM543,Lithobates sylvaticus,Lithobates,Aquatic-Terrestrial-Fossorial,Anuran,Ranidae,Carnivore,Permanent Water,Vivarium
UHM544,Lithobates sylvaticus,Lithobates,Aquatic-Terrestrial-Fossorial,Anuran,Ranidae,Carnivore,Permanent Water,Vivarium
UHM545,Lithobates sylvaticus,Lithobates,Aquatic-Terrestrial-Fossorial,Anuran,Ranidae,Carnivore,Permanent Water,Vivarium
UHM546,Lithobates sylvaticus,Lithobates,Aquatic-Terrestrial-Fossorial,Anuran,Ranidae,Carnivore,Permanent Water,Vivarium
UHM547,Lithobates sylvaticus,Lithobates,Aquatic-Terrestrial-Fossorial,Anuran,Ranidae,Carnivore,Permanent Water,Vivarium
UHM548,Lithobates sylvaticus,Lithobates,Aquatic-Terrestrial-Fossorial,Anuran,Ranidae,Carnivore,Permanent Water,Vivarium
UHM549,Lithobates sylvaticus,Lithobates,Aquatic-Terrestrial-Fossorial,Anuran,Ranidae,Carnivore,Permanent Water,Vivarium
UHM550,Lithobates sylvaticus,Lithobates,Aquatic-Terrestrial-Fossorial,Anuran,Ranidae,Carnivore,Permanent Water,Vivarium
UHM551,Lithobates sylvaticus,Lithobates,Aquatic-Terrestrial-Fossorial,Anuran,Ranidae,Carnivore,Permanent Water,Vivarium
UHM552,Lithobates sylvaticus,Lithobates,Aquatic-Terrestrial-Fossorial,Anuran,Ranidae,Carnivore,Permanent Water,Vivarium
UHM553,Lithobates sylvaticus,Lithobates,Aquatic-Terrestrial-Fossorial,Anuran,Ranidae,Carnivore,Permanent Water,Vivarium
UHM554,Lithobates sylvaticus,Lithobates,Aquatic-Terrestrial-Fossorial,Anuran,Ranidae,Carnivore,Permanent Water,Vivarium
UHM555,Lithobates sylvaticus,Lithobates,Aquatic-Terrestrial-Fossorial,Anuran,Ranidae,Carnivore,Permanent Water,Vivarium
UHM556,Lithobates sylvaticus,Lithobates,Aquatic-Terrestrial-Fossorial,Anuran,Ranidae,Carnivore,Permanent Water,Vivarium
UHM557,Lithobates sylvaticus,Lithobates,Aquatic-Terrestrial-Fossorial,Anuran,Ranidae,Carnivore,Permanent Water,Vivarium
UHM558,Lithobates sylvaticus,Lithobates,Aquatic-Terrestrial-Fossorial,Anuran,Ranidae,Carnivore,Permanent Water,Vivarium
UHM559,Lithobates sylvaticus,Lithobates,Aquatic-Terrestrial-Fossorial,Anuran,Ranidae,Carnivore,Permanent Water,Vivarium
UHM560,Lithobates sylvaticus,Lithobates,Aquatic-Terrestrial-Fossorial,Anuran,Ranidae,Carnivore,Permanent Water,Vivarium
UHM561,Lithobates sylvaticus,Lithobates,Aquatic-Terrestrial-Fossorial,Anuran,Ranidae,Carnivore,Permanent Water,Vivarium
UHM562,Lithobates sylvaticus,Lithobates,Aquatic-Terrestrial-Fossorial,Anuran,Ranidae,Carnivore,Permanent Water,Vivarium
UHM563,Lithobates sylvaticus,Lithobates,Aquatic-Terrestrial-Fossorial,Anuran,Ranidae,Carnivore,Permanent Water,Vivarium
UHM564,Lithobates sylvaticus,Lithobates,Aquatic-Terrestrial-Fossorial,Anuran,Ranidae,Carnivore,Permanent Water,Vivarium
UHM565,Lithobates sylvaticus,Lithobates,Aquatic-Terrestrial-Fossorial,Anuran,Ranidae,Carnivore,Permanent Water,Vivarium
UHM566,Lithobates sylvaticus,Lithobates,Aquatic-Terrestrial-Fossorial,Anuran,Ranidae,Carnivore,Permanent Water,Vivarium
UHM567,Lithobates sylvaticus,Lithobates,Aquatic-Terrestrial-Fossorial,Anuran,Ranidae,Carnivore,Permanent Water,Vivarium
UHM568,Lithobates sylvaticus,Lithobates,Aquatic-Terrestrial-Fossorial,Anuran,Ranidae,Carnivore,Permanent Water,Vivarium
UHM569,Lithobates sylvaticus,Lithobates,Aquatic-Terrestrial-Fossorial,Anuran,Ranidae,Carnivore,Permanent Water,Vivarium
UHM570,Lithobates sylvaticus,Lithobates,Aquatic-Terrestrial-Fossorial,Anuran,Ranidae,Carnivore,Permanent Water,Vivarium
UHM571,Lithobates sylvaticus,Lithobates,Aquatic-Terrestrial-Fossorial,Anuran,Ranidae,Carnivore,Permanent Water,Vivarium
UHM572,Lithobates sylvaticus,Lithobates,Aquatic-Terrestrial-Fossorial,Anuran,Ranidae,Carnivore,Permanent Water,Vivarium
UHM573,Lithobates sylvaticus,Lithobates,Aquatic-Terrestrial-Fossorial,Anuran,Ranidae,Carnivore,Permanent Water,Vivarium
UHM574,Lithobates sylvaticus,Lithobates,Aquatic-Terrestrial-Fossorial,Anuran,Ranidae,Carnivore,Permanent Water,Vivarium
UHM575,Lithobates sylvaticus,Lithobates,Aquatic-Terrestrial-Fossorial,Anuran,Ranidae,Carnivore,Permanent Water,Vivarium
UHM576,Lithobates sylvaticus,Lithobates,Aquatic-Terrestrial-Fossorial,Anuran,Ranidae,Carnivore,Permanent Water,Vivarium
UHM577,Lithobates sylvaticus,Lithobates,Aquatic-Terrestrial-Fossorial,Anuran,Ranidae,Carnivore,Permanent Water,Vivarium
UHM578,Lithobates sylvaticus,Lithobates,Aquatic-Terrestrial-Fossorial,Anuran,Ranidae,Carnivore,Permanent Water,Vivarium
UHM579,Lithobates sylvaticus,Lithobates,Aquatic-Terrestrial-Fossorial,Anuran,Ranidae,Carnivore,Permanent Water,Vivarium
UHM580,Lithobates sylvaticus,Lithobates,Aquatic-Terrestrial-Fossorial,Anuran,Ranidae,Carnivore,Permanent Water,Vivarium
UHM581,Lithobates sylvaticus,Lithobates,Aquatic-Terrestrial-Fossorial,Anuran,Ranidae,Carnivore,Permanent Water,Vivarium
UHM582,Lithobates sylvaticus,Lithobates,Aquatic-Terrestrial-Fossorial,Anuran,Ranidae,Carnivore,Permanent Water,Vivarium
UHM583,Lithobates sylvaticus,Lithobates,Aquatic-Terrestrial-Fossorial,Anuran,Ranidae,Carnivore,Permanent Water,Vivarium
UHM584,Lithobates sylvaticus,Lithobates,Aquatic-Terrestrial-Fossorial,Anuran,Ranidae,Carnivore,Permanent Water,Vivarium
UHM585,Lithobates sylvaticus,Lithobates,Aquatic-Terrestrial-Fossorial,Anuran,Ranidae,Carnivore,Permanent Water,Vivarium
UHM586,Lithobates sylvaticus,Lithobates,Aquatic-Terrestrial-Fossorial,Anuran,Ranidae,Carnivore,Permanent Water,Vivarium
UHM587,Lithobates sylvaticus,Lithobates,Aquatic-Terrestrial-Fossorial,Anuran,Ranidae,Carnivore,Permanent Water,Vivarium
UHM588,Lithobates sylvaticus,Lithobates,Aquatic-Terrestrial-Fossorial,Anuran,Ranidae,Carnivore,Permanent Water,Vivarium
UHM589,Lithobates sylvaticus,Lithobates,Aquatic-Terrestrial-Fossorial,Anuran,Ranidae,Carnivore,Permanent Water,Vivarium
UHM590,Lithobates sylvaticus,Lithobates,Aquatic-Terrestrial-Fossorial,Anuran,Ranidae,Carnivore,Permanent Water,Vivarium
UHM591,Lithobates sylvaticus,Lithobates,Aquatic-Terrestrial-Fossorial,Anuran,Ranidae,Carnivore,Permanent Water,Vivarium
UHM592,Lithobates sylvaticus,Lithobates,Aquatic-Terrestrial-Fossorial,Anuran,Ranidae,Carnivore,Permanent Water,Vivarium
UHM593,Lithobates sylvaticus,Lithobates,Aquatic-Terrestrial-Fossorial,Anuran,Ranidae,Carnivore,Permanent Water,Vivarium
UHM594,Lithobates sylvaticus,Lithobates,Aquatic-Terrestrial-Fossorial,Anuran,Ranidae,Carnivore,Permanent Water,Vivarium
UHM595,Lithobates sylvaticus,Lithobates,Aquatic-Terrestrial-Fossorial,Anuran,Ranidae,Carnivore,Permanent Water,Vivarium
UHM596,Lithobates sylvaticus,Lithobates,Aquatic-Terrestrial-Fossorial,Anuran,Ranidae,Carnivore,Permanent Water,Vivarium
UHM597,Lithobates sylvaticus,Lithobates,Aquatic-Terrestrial-Fossorial,Anuran,Ranidae,Carnivore,Permanent Water,Vivarium
UHM598,Lithobates sylvaticus,Lithobates,Aquatic-Terrestrial-Fossorial,Anuran,Ranidae,Carnivore,Permanent Water,Vivarium
UHM599,Lithobates sylvaticus,Lithobates,Aquatic-Terrestrial-Fossorial,Anuran,Ranidae,Carnivore,Permanent Water,Vivarium
UHM600,Lithobates sylvaticus,Lithobates,Aquatic-Terrestrial-Fossorial,Anuran,Ranidae,Carnivore,Permanent Water,Vivarium
UHM601,Lithobates sylvaticus,Lithobates,Aquatic-Terrestrial-Fossorial,Anuran,Ranidae,Carnivore,Permanent Water,Vivarium
UHM602,Lithobates sylvaticus,Lithobates,Aquatic-Terrestrial-Fossorial,Anuran,Ranidae,Carnivore,Permanent Water,Vivarium
UHM603,Lithobates sylvaticus,Lithobates,Aquatic-Terrestrial-Fossorial,Anuran,Ranidae,Carnivore,Permanent Water,Vivarium
UHM604,Lithobates sylvaticus,Lithobates,Aquatic-Terrestrial-Fossorial,Anuran,Ranidae,Carnivore,Permanent Water,Vivarium
UHM605,Lithobates sylvaticus,Lithobates,Aquatic-Terrestrial-Fossorial,Anuran,Ranidae,Carnivore,Permanent Water,Vivarium
UHM606,Lithobates sylvaticus,Lithobates,Aquatic-Terrestrial-Fossorial,Anuran,Ranidae,Carnivore,Permanent Water,Vivarium
UHM607,Lithobates sylvaticus,Lithobates,Aquatic-Terrestrial-Fossorial,Anuran,Ranidae,Carnivore,Permanent Water,Vivarium
UHM608,Lithobates sylvaticus,Lithobates,Aquatic-Terrestrial-Fossorial,Anuran,Ranidae,Carnivore,Permanent Water,Vivarium
UHM609,Lithobates sylvaticus,Lithobates,Aquatic-Terrestrial-Fossorial,Anuran,Ranidae,Carnivore,Permanent Water,Vivarium
UHM610,Lithobates sylvaticus,Lithobates,Aquatic-Terrestrial-Fossorial,Anuran,Ranidae,Carnivore,Permanent Water,Vivarium
UHM611,Lithobates sylvaticus,Lithobates,Aquatic-Terrestrial-Fossorial,Anuran,Ranidae,Carnivore,Permanent Water,Vivarium
UHM612,Lithobates sylvaticus,Lithobates,Aquatic-Terrestrial-Fossorial,Anuran,Ranidae,Carnivore,Permanent Water,Vivarium
UHM613,Lithobates sylvaticus,Lithobates,Aquatic-Terrestrial-Fossorial,Anuran,Ranidae,Carnivore,Permanent Water,Vivarium
UHM614,Lithobates sylvaticus,Lithobates,Aquatic-Terrestrial-Fossorial,Anuran,Ranidae,Carnivore,Permanent Water,Vivarium
UHM615,Lithobates sylvaticus,Lithobates,Aquatic-Terrestrial-Fossorial,Anuran,Ranidae,Carnivore,Permanent Water,Vivarium
UHM616,Lithobates sylvaticus,Lithobates,Aquatic-Terrestrial-Fossorial,Anuran,Ranidae,Carnivore,Permanent Water,Vivarium
UHM617,Lithobates sylvaticus,Lithobates,Aquatic-Terrestrial-Fossorial,Anuran,Ranidae,Carnivore,Permanent Water,Vivarium
UHM618,Lithobates sylvaticus,Lithobates,Aquatic-Terrestrial-Fossorial,Anuran,Ranidae,Carnivore,Permanent Water,Vivarium
UHM619,Lithobates sylvaticus,Lithobates,Aquatic-Terrestrial-Fossorial,Anuran,Ranidae,Carnivore,Permanent Water,Vivarium
UHM620,Lithobates sylvaticus,Lithobates,Aquatic-Terrestrial-Fossorial,Anuran,Ranidae,Carnivore,Permanent Water,Vivarium
UHM621,Lithobates sylvaticus,Lithobates,Aquatic-Terrestrial-Fossorial,Anuran,Ranidae,Carnivore,Permanent Water,Vivarium
UHM622,Lithobates sylvaticus,Lithobates,Aquatic-Terrestrial-Fossorial,Anuran,Ranidae,Carnivore,Permanent Water,Vivarium
UHM623,Lithobates sylvaticus,Lithobates,Aquatic-Terrestrial-Fossorial,Anuran,Ranidae,Carnivore,Permanent Water,Vivarium
UHM624,Lithobates sylvaticus,Lithobates,Aquatic-Terrestrial-Fossorial,Anuran,Ranidae,Carnivore,Permanent Water,Vivarium
UHM625,Lithobates sylvaticus,Lithobates,Aquatic-Terrestrial-Fossorial,Anuran,Ranidae,Carnivore,Permanent Water,Vivarium
UHM626,Lithobates sylvaticus,Lithobates,Aquatic-Terrestrial-Fossorial,Anuran,Ranidae,Carnivore,Permanent Water,Vivarium
UHM627,Lithobates sylvaticus,Lithobates,Aquatic-Terrestrial-Fossorial,Anuran,Ranidae,Carnivore,Permanent Water,Vivarium
UHM628,Lithobates sylvaticus,Lithobates,Aquatic-Terrestrial-Fossorial,Anuran,Ranidae,Carnivore,Permanent Water,Vivarium
UHM629,Lithobates sylvaticus,Lithobates,Aquatic-Terrestrial-Fossorial,Anuran,Ranidae,Carnivore,Permanent Water,Vivarium
UHM630,Lithobates sylvaticus,Lithobates,Aquatic-Terrestrial-Fossorial,Anuran,Ranidae,Carnivore,Permanent Water,Vivarium
UHM631,Lithobates sylvaticus,Lithobates,Aquatic-Terrestrial-Fossorial,Anuran,Ranidae,Carnivore,Permanent Water,Vivarium
UHM632,Lithobates sylvaticus,Lithobates,Aquatic-Terrestrial-Fossorial,Anuran,Ranidae,Carnivore,Permanent Water,Vivarium
UHM633,Lithobates sylvaticus,Lithobates,Aquatic-Terrestrial-Fossorial,Anuran,Ranidae,Carnivore,Permanent Water,Vivarium
UHM634,Lithobates sylvaticus,Lithobates,Aquatic-Terrestrial-Fossorial,Anuran,Ranidae,Carnivore,Permanent Water,Vivarium
UHM635,Lithobates sylvaticus,Lithobates,Aquatic-Terrestrial-Fossorial,Anuran,Ranidae,Carnivore,Permanent Water,Vivarium
UHM636,Lithobates sylvaticus,Lithobates,Aquatic-Terrestrial-Fossorial,Anuran,Ranidae,Carnivore,Permanent Water,Vivarium
UHM637,Lithobates sylvaticus,Lithobates,Aquatic-Terrestrial-Fossorial,Anuran,Ranidae,Carnivore,Permanent Water,Vivarium
UHM638,Lithobates sylvaticus,Lithobates,Aquatic-Terrestrial-Fossorial,Anuran,Ranidae,Carnivore,Permanent Water,Vivarium
UHM639,Lithobates sylvaticus,Lithobates,Aquatic-Terrestrial-Fossorial,Anuran,Ranidae,Carnivore,Permanent Water,Vivarium
UHM640,Lithobates sylvaticus,Lithobates,Aquatic-Terrestrial-Fossorial,Anuran,Ranidae,Carnivore,Permanent Water,Vivarium
UHM641,Lithobates sylvaticus,Lithobates,Aquatic-Terrestrial-Fossorial,Anuran,Ranidae,Carnivore,Permanent Water,Vivarium
UHM642,Lithobates sylvaticus,Lithobates,Aquatic-Terrestrial-Fossorial,Anuran,Ranidae,Carnivore,Permanent Water,Vivarium
UHM643,Lithobates sylvaticus,Lithobates,Aquatic-Terrestrial-Fossorial,Anuran,Ranidae,Carnivore,Permanent Water,Vivarium
UHM644,Lithobates sylvaticus,Lithobates,Aquatic-Terrestrial-Fossorial,Anuran,Ranidae,Carnivore,Permanent Water,Vivarium
UHM645,Lithobates sylvaticus,Lithobates,Aquatic-Terrestrial-Fossorial,Anuran,Ranidae,Carnivore,Permanent Water,Vivarium
UHM646,Lithobates sylvaticus,Lithobates,Aquatic-Terrestrial-Fossorial,Anuran,Ranidae,Carnivore,Permanent Water,Vivarium
UHM647,Lithobates sylvaticus,Lithobates,Aquatic-Terrestrial-Fossorial,Anuran,Ranidae,Carnivore,Permanent Water,Vivarium
UHM648,Lithobates sylvaticus,Lithobates,Aquatic-Terrestrial-Fossorial,Anuran,Ranidae,Carnivore,Permanent Water,Vivarium
UHM649,Lithobates sylvaticus,Lithobates,Aquatic-Terrestrial-Fossorial,Anuran,Ranidae,Carnivore,Permanent Water,Vivarium
UHM650,Lithobates sylvaticus,Lithobates,Aquatic-Terrestrial-Fossorial,Anuran,Ranidae,Carnivore,Permanent Water,Vivarium
UHM651,Lithobates sylvaticus,Lithobates,Aquatic-Terrestrial-Fossorial,Anuran,Ranidae,Carnivore,Permanent Water,Vivarium
UHM652,Lithobates sylvaticus,Lithobates,Aquatic-Terrestrial-Fossorial,Anuran,Ranidae,Carnivore,Permanent Water,Vivarium
UHM653,Lithobates sylvaticus,Lithobates,Aquatic-Terrestrial-Fossorial,Anuran,Ranidae,Carnivore,Permanent Water,Vivarium
UHM654,Lithobates sylvaticus,Lithobates,Aquatic-Terrestrial-Fossorial,Anuran,Ranidae,Carnivore,Permanent Water,Vivarium
UHM655,Lithobates sylvaticus,Lithobates,Aquatic-Terrestrial-Fossorial,Anuran,Ranidae,Carnivore,Permanent Water,Vivarium
UHM656,Lithobates sylvaticus,Lithobates,Aquatic-Terrestrial-Fossorial,Anuran,Ranidae,Carnivore,Permanent Water,Vivarium
UHM657,Lithobates sylvaticus,Lithobates,Aquatic-Terrestrial-Fossorial,Anuran,Ranidae,Carnivore,Permanent Water,Vivarium
UHM658,Lithobates sylvaticus,Lithobates,Aquatic-Terrestrial-Fossorial,Anuran,Ranidae,Carnivore,Permanent Water,Vivarium
UHM659,Lithobates sylvaticus,Lithobates,Aquatic-Terrestrial-Fossorial,Anuran,Ranidae,Carnivore,Permanent Water,Vivarium
UHM660,Lithobates sylvaticus,Lithobates,Aquatic-Terrestrial-Fossorial,Anuran,Ranidae,Carnivore,Permanent Water,Vivarium
UHM661,Lithobates sylvaticus,Lithobates,Aquatic-Terrestrial-Fossorial,Anuran,Ranidae,Carnivore,Permanent Water,Vivarium
UHM662,Lithobates sylvaticus,Lithobates,Aquatic-Terrestrial-Fossorial,Anuran,Ranidae,Carnivore,Permanent Water,Vivarium
UHM663,Lithobates sylvaticus,Lithobates,Aquatic-Terrestrial-Fossorial,Anuran,Ranidae,Carnivore,Permanent Water,Vivarium
UHM664,Lithobates sylvaticus,Lithobates,Aquatic-Terrestrial-Fossorial,Anuran,Ranidae,Carnivore,Permanent Water,Vivarium
UHM665,Lithobates sylvaticus,Lithobates,Aquatic-Terrestrial-Fossorial,Anuran,Ranidae,Carnivore,Permanent Water,Vivarium
UHM666,Lithobates sylvaticus,Lithobates,Aquatic-Terrestrial-Fossorial,Anuran,Ranidae,Carnivore,Permanent Water,Vivarium
UHM667,Lithobates sylvaticus,Lithobates,Aquatic-Terrestrial-Fossorial,Anuran,Ranidae,Carnivore,Permanent Water,Vivarium
UHM668,Lithobates sylvaticus,Lithobates,Aquatic-Terrestrial-Fossorial,Anuran,Ranidae,Carnivore,Permanent Water,Vivarium
UHM669,Lithobates sylvaticus,Lithobates,Aquatic-Terrestrial-Fossorial,Anuran,Ranidae,Carnivore,Permanent Water,Vivarium
UHM670,Lithobates sylvaticus,Lithobates,Aquatic-Terrestrial-Fossorial,Anuran,Ranidae,Carnivore,Permanent Water,Vivarium
UHM671,Lithobates sylvaticus,Lithobates,Aquatic-Terrestrial-Fossorial,Anuran,Ranidae,Carnivore,Permanent Water,Vivarium
UHM672,Lithobates sylvaticus,Lithobates,Aquatic-Terrestrial-Fossorial,Anuran,Ranidae,Carnivore,Permanent Water,Vivarium
UHM673,Lithobates sylvaticus,Lithobates,Aquatic-Terrestrial-Fossorial,Anuran,Ranidae,Carnivore,Permanent Water,Vivarium
UHM674,Lithobates sylvaticus,Lithobates,Aquatic-Terrestrial-Fossorial,Anuran,Ranidae,Carnivore,Permanent Water,Vivarium
UHM675,Lithobates sylvaticus,Lithobates,Aquatic-Terrestrial-Fossorial,Anuran,Ranidae,Carnivore,Permanent Water,Vivarium
UHM676,Lithobates sylvaticus,Lithobates,Aquatic-Terrestrial-Fossorial,Anuran,Ranidae,Carnivore,Permanent Water,Vivarium
UHM677,Lithobates sylvaticus,Lithobates,Aquatic-Terrestrial-Fossorial,Anuran,Ranidae,Carnivore,Permanent Water,Vivarium
UHM678,Lithobates sylvaticus,Lithobates,Aquatic-Terrestrial-Fossorial,Anuran,Ranidae,Carnivore,Permanent Water,Vivarium
UHM679,Lithobates sylvaticus,Lithobates,Aquatic-Terrestrial-Fossorial,Anuran,Ranidae,Carnivore,Permanent Water,Vivarium
UHM680,Lithobates sylvaticus,Lithobates,Aquatic-Terrestrial-Fossorial,Anuran,Ranidae,Carnivore,Permanent Water,Vivarium
UHM681,Lithobates sylvaticus,Lithobates,Aquatic-Terrestrial-Fossorial,Anuran,Ranidae,Carnivore,Permanent Water,Vivarium
UHM682,Lithobates sylvaticus,Lithobates,Aquatic-Terrestrial-Fossorial,Anuran,Ranidae,Carnivore,Permanent Water,Vivarium
UHM683,Lithobates sylvaticus,Lithobates,Aquatic-Terrestrial-Fossorial,Anuran,Ranidae,Carnivore,Permanent Water,Vivarium
UHM684,Lithobates sylvaticus,Lithobates,Aquatic-Terrestrial-Fossorial,Anuran,Ranidae,Carnivore,Permanent Water,Vivarium
UHM685,Lithobates sylvaticus,Lithobates,Aquatic-Terrestrial-Fossorial,Anuran,Ranidae,Carnivore,Permanent Water,Vivarium
UHM686,Lithobates sylvaticus,Lithobates,Aquatic-Terrestrial-Fossorial,Anuran,Ranidae,Carnivore,Permanent Water,Vivarium
UHM687,Lithobates sylvaticus,Lithobates,Aquatic-Terrestrial-Fossorial,Anuran,Ranidae,Carnivore,Permanent Water,Vivarium
UHM688,Lithobates sylvaticus,Lithobates,Aquatic-Terrestrial-Fossorial,Anuran,Ranidae,Carnivore,Permanent Water,Vivarium
UHM689,Lithobates sylvaticus,Lithobates,Aquatic-Terrestrial-Fossorial,Anuran,Ranidae,Carnivore,Permanent Water,Vivarium
UHM690,Lithobates sylvaticus,Lithobates,Aquatic-Terrestrial-Fossorial,Anuran,Ranidae,Carnivore,Permanent Water,Vivarium
UHM691,Lithobates sylvaticus,Lithobates,Aquatic-Terrestrial-Fossorial,Anuran,Ranidae,Carnivore,Permanent Water,Vivarium
UHM692,Lithobates sylvaticus,Lithobates,Aquatic-Terrestrial-Fossorial,Anuran,Ranidae,Carnivore,Permanent Water,Vivarium
UHM693,Lithobates sylvaticus,Lithobates,Aquatic-Terrestrial-Fossorial,Anuran,Ranidae,Carnivore,Permanent Water,Vivarium
UHM694,Lithobates sylvaticus,Lithobates,Aquatic-Terrestrial-Fossorial,Anuran,Ranidae,Carnivore,Permanent Water,Vivarium
UHM695,Lithobates sylvaticus,Lithobates,Aquatic-Terrestrial-Fossorial,Anuran,Ranidae,Carnivore,Permanent Water,Vivarium
UHM696,Lithobates sylvaticus,Lithobates,Aquatic-Terrestrial-Fossorial,Anuran,Ranidae,Carnivore,Permanent Water,Vivarium
UHM697,Lithobates sylvaticus,Lithobates,Aquatic-Terrestrial-Fossorial,Anuran,Ranidae,Carnivore,Permanent Water,Vivarium
UHM698,Lithobates sylvaticus,Lithobates,Aquatic-Terrestrial-Fossorial,Anuran,Ranidae,Carnivore,Permanent Water,Vivarium
UHM699,Lithobates sylvaticus,Lithobates,Aquatic-Terrestrial-Fossorial,Anuran,Ranidae,Carnivore,Permanent Water,Vivarium
UHM700,Lithobates sylvaticus,Lithobates,Aquatic-Terrestrial-Fossorial,Anuran,Ranidae,Carnivore,Permanent Water,Vivarium
UHM10,Lithobates sylvaticus,Lithobates,Aquatic-Terrestrial-Fossorial,Anuran,Ranidae,Carnivore,Permanent Water,Vivarium
UHM100,Lithobates sylvaticus,Lithobates,Aquatic-Terrestrial-Fossorial,Anuran,Ranidae,Carnivore,Permanent Water,Vivarium
UHM101,Lithobates sylvaticus,Lithobates,Aquatic-Terrestrial-Fossorial,Anuran,Ranidae,Carnivore,Permanent Water,Vivarium
UHM102,Lithobates sylvaticus,Lithobates,Aquatic-Terrestrial-Fossorial,Anuran,Ranidae,Carnivore,Permanent Water,Vivarium
UHM103,Lithobates sylvaticus,Lithobates,Aquatic-Terrestrial-Fossorial,Anuran,Ranidae,Carnivore,Permanent Water,Vivarium
UHM104,Lithobates sylvaticus,Lithobates,Aquatic-Terrestrial-Fossorial,Anuran,Ranidae,Carnivore,Permanent Water,Vivarium
UHM105,Lithobates sylvaticus,Lithobates,Aquatic-Terrestrial-Fossorial,Anuran,Ranidae,Carnivore,Permanent Water,Vivarium
UHM106,Lithobates sylvaticus,Lithobates,Aquatic-Terrestrial-Fossorial,Anuran,Ranidae,Carnivore,Permanent Water,Vivarium
UHM107,Lithobates sylvaticus,Lithobates,Aquatic-Terrestrial-Fossorial,Anuran,Ranidae,Carnivore,Permanent Water,Vivarium
UHM108,Lithobates sylvaticus,Lithobates,Aquatic-Terrestrial-Fossorial,Anuran,Ranidae,Carnivore,Permanent Water,Vivarium
UHM109,Lithobates sylvaticus,Lithobates,Aquatic-Terrestrial-Fossorial,Anuran,Ranidae,Carnivore,Permanent Water,Vivarium
UHM11,Lithobates sylvaticus,Lithobates,Aquatic-Terrestrial-Fossorial,Anuran,Ranidae,Carnivore,Permanent Water,Vivarium
UHM110,Lithobates sylvaticus,Lithobates,Aquatic-Terrestrial-Fossorial,Anuran,Ranidae,Carnivore,Permanent Water,Vivarium
UHM111,Lithobates sylvaticus,Lithobates,Aquatic-Terrestrial-Fossorial,Anuran,Ranidae,Carnivore,Permanent Water,Vivarium
UHM112,Lithobates sylvaticus,Lithobates,Aquatic-Terrestrial-Fossorial,Anuran,Ranidae,Carnivore,Permanent Water,Vivarium
UHM113,Lithobates sylvaticus,Lithobates,Aquatic-Terrestrial-Fossorial,Anuran,Ranidae,Carnivore,Permanent Water,Vivarium
UHM114,Lithobates sylvaticus,Lithobates,Aquatic-Terrestrial-Fossorial,Anuran,Ranidae,Carnivore,Permanent Water,Vivarium
UHM115,Lithobates sylvaticus,Lithobates,Aquatic-Terrestrial-Fossorial,Anuran,Ranidae,Carnivore,Permanent Water,Vivarium
UHM116,Lithobates sylvaticus,Lithobates,Aquatic-Terrestrial-Fossorial,Anuran,Ranidae,Carnivore,Permanent Water,Vivarium
UHM117,Lithobates sylvaticus,Lithobates,Aquatic-Terrestrial-Fossorial,Anuran,Ranidae,Carnivore,Permanent Water,Vivarium
UHM118,Lithobates sylvaticus,Lithobates,Aquatic-Terrestrial-Fossorial,Anuran,Ranidae,Carnivore,Permanent Water,Vivarium
UHM119,Lithobates sylvaticus,Lithobates,Aquatic-Terrestrial-Fossorial,Anuran,Ranidae,Carnivore,Permanent Water,Vivarium
UHM12,Lithobates sylvaticus,Lithobates,Aquatic-Terrestrial-Fossorial,Anuran,Ranidae,Carnivore,Permanent Water,Vivarium
UHM120,Lithobates sylvaticus,Lithobates,Aquatic-Terrestrial-Fossorial,Anuran,Ranidae,Carnivore,Permanent Water,Vivarium
UHM121,Lithobates sylvaticus,Lithobates,Aquatic-Terrestrial-Fossorial,Anuran,Ranidae,Carnivore,Permanent Water,Vivarium
UHM122,Lithobates sylvaticus,Lithobates,Aquatic-Terrestrial-Fossorial,Anuran,Ranidae,Carnivore,Permanent Water,Vivarium
UHM123,Lithobates sylvaticus,Lithobates,Aquatic-Terrestrial-Fossorial,Anuran,Ranidae,Carnivore,Permanent Water,Vivarium
UHM124,Lithobates sylvaticus,Lithobates,Aquatic-Terrestrial-Fossorial,Anuran,Ranidae,Carnivore,Permanent Water,Vivarium
UHM125,Lithobates sylvaticus,Lithobates,Aquatic-Terrestrial-Fossorial,Anuran,Ranidae,Carnivore,Permanent Water,Vivarium
UHM126,Lithobates sylvaticus,Lithobates,Aquatic-Terrestrial-Fossorial,Anuran,Ranidae,Carnivore,Permanent Water,Vivarium
UHM127,Lithobates sylvaticus,Lithobates,Aquatic-Terrestrial-Fossorial,Anuran,Ranidae,Carnivore,Permanent Water,Vivarium
UHM128,Lithobates sylvaticus,Lithobates,Aquatic-Terrestrial-Fossorial,Anuran,Ranidae,Carnivore,Permanent Water,Vivarium
UHM129,Lithobates sylvaticus,Lithobates,Aquatic-Terrestrial-Fossorial,Anuran,Ranidae,Carnivore,Permanent Water,Vivarium
UHM13,Lithobates sylvaticus,Lithobates,Aquatic-Terrestrial-Fossorial,Anuran,Ranidae,Carnivore,Permanent Water,Vivarium
UHM130,Lithobates sylvaticus,Lithobates,Aquatic-Terrestrial-Fossorial,Anuran,Ranidae,Carnivore,Permanent Water,Vivarium
UHM131,Lithobates sylvaticus,Lithobates,Aquatic-Terrestrial-Fossorial,Anuran,Ranidae,Carnivore,Permanent Water,Vivarium
UHM132,Lithobates sylvaticus,Lithobates,Aquatic-Terrestrial-Fossorial,Anuran,Ranidae,Carnivore,Permanent Water,Vivarium
UHM133,Lithobates sylvaticus,Lithobates,Aquatic-Terrestrial-Fossorial,Anuran,Ranidae,Carnivore,Permanent Water,Vivarium
UHM134,Lithobates sylvaticus,Lithobates,Aquatic-Terrestrial-Fossorial,Anuran,Ranidae,Carnivore,Permanent Water,Vivarium
UHM135,Lithobates sylvaticus,Lithobates,Aquatic-Terrestrial-Fossorial,Anuran,Ranidae,Carnivore,Permanent Water,Vivarium
UHM136,Lithobates sylvaticus,Lithobates,Aquatic-Terrestrial-Fossorial,Anuran,Ranidae,Carnivore,Permanent Water,Vivarium
UHM137,Lithobates sylvaticus,Lithobates,Aquatic-Terrestrial-Fossorial,Anuran,Ranidae,Carnivore,Permanent Water,Vivarium
UHM138,Lithobates sylvaticus,Lithobates,Aquatic-Terrestrial-Fossorial,Anuran,Ranidae,Carnivore,Permanent Water,Vivarium
UHM139,Lithobates sylvaticus,Lithobates,Aquatic-Terrestrial-Fossorial,Anuran,Ranidae,Carnivore,Permanent Water,Vivarium
UHM14,Lithobates sylvaticus,Lithobates,Aquatic-Terrestrial-Fossorial,Anuran,Ranidae,Carnivore,Permanent Water,Vivarium
UHM140,Lithobates sylvaticus,Lithobates,Aquatic-Terrestrial-Fossorial,Anuran,Ranidae,Carnivore,Permanent Water,Vivarium
UHM141,Lithobates sylvaticus,Lithobates,Aquatic-Terrestrial-Fossorial,Anuran,Ranidae,Carnivore,Permanent Water,Vivarium
UHM142,Lithobates sylvaticus,Lithobates,Aquatic-Terrestrial-Fossorial,Anuran,Ranidae,Carnivore,Permanent Water,Vivarium
UHM143,Lithobates sylvaticus,Lithobates,Aquatic-Terrestrial-Fossorial,Anuran,Ranidae,Carnivore,Permanent Water,Vivarium
UHM144,Lithobates sylvaticus,Lithobates,Aquatic-Terrestrial-Fossorial,Anuran,Ranidae,Carnivore,Permanent Water,Vivarium
UHM145,Lithobates sylvaticus,Lithobates,Aquatic-Terrestrial-Fossorial,Anuran,Ranidae,Carnivore,Permanent Water,Vivarium
UHM15,Lithobates sylvaticus,Lithobates,Aquatic-Terrestrial-Fossorial,Anuran,Ranidae,Carnivore,Permanent Water,Vivarium
UHM16,Lithobates sylvaticus,Lithobates,Aquatic-Terrestrial-Fossorial,Anuran,Ranidae,Carnivore,Permanent Water,Vivarium
UHM17,Lithobates sylvaticus,Lithobates,Aquatic-Terrestrial-Fossorial,Anuran,Ranidae,Carnivore,Permanent Water,Vivarium
UHM18,Lithobates sylvaticus,Lithobates,Aquatic-Terrestrial-Fossorial,Anuran,Ranidae,Carnivore,Permanent Water,Vivarium
UHM19,Lithobates sylvaticus,Lithobates,Aquatic-Terrestrial-Fossorial,Anuran,Ranidae,Carnivore,Permanent Water,Vivarium
UHM20,Lithobates sylvaticus,Lithobates,Aquatic-Terrestrial-Fossorial,Anuran,Ranidae,Carnivore,Permanent Water,Vivarium
UHM21,Lithobates sylvaticus,Lithobates,Aquatic-Terrestrial-Fossorial,Anuran,Ranidae,Carnivore,Permanent Water,Vivarium
UHM22,Lithobates sylvaticus,Lithobates,Aquatic-Terrestrial-Fossorial,Anuran,Ranidae,Carnivore,Permanent Water,Vivarium
UHM23,Lithobates sylvaticus,Lithobates,Aquatic-Terrestrial-Fossorial,Anuran,Ranidae,Carnivore,Permanent Water,Vivarium
UHM24,Lithobates sylvaticus,Lithobates,Aquatic-Terrestrial-Fossorial,Anuran,Ranidae,Carnivore,Permanent Water,Vivarium
UHM25,Lithobates sylvaticus,Lithobates,Aquatic-Terrestrial-Fossorial,Anuran,Ranidae,Carnivore,Permanent Water,Vivarium
UHM26,Lithobates sylvaticus,Lithobates,Aquatic-Terrestrial-Fossorial,Anuran,Ranidae,Carnivore,Permanent Water,Vivarium
UHM27,Lithobates sylvaticus,Lithobates,Aquatic-Terrestrial-Fossorial,Anuran,Ranidae,Carnivore,Permanent Water,Vivarium
UHM28,Lithobates sylvaticus,Lithobates,Aquatic-Terrestrial-Fossorial,Anuran,Ranidae,Carnivore,Permanent Water,Vivarium
UHM29,Lithobates sylvaticus,Lithobates,Aquatic-Terrestrial-Fossorial,Anuran,Ranidae,Carnivore,Permanent Water,Vivarium
UHM30,Lithobates sylvaticus,Lithobates,Aquatic-Terrestrial-Fossorial,Anuran,Ranidae,Carnivore,Permanent Water,Vivarium
UHM31,Lithobates sylvaticus,Lithobates,Aquatic-Terrestrial-Fossorial,Anuran,Ranidae,Carnivore,Permanent Water,Vivarium
UHM32,Lithobates sylvaticus,Lithobates,Aquatic-Terrestrial-Fossorial,Anuran,Ranidae,Carnivore,Permanent Water,Vivarium
UHM33,Lithobates sylvaticus,Lithobates,Aquatic-Terrestrial-Fossorial,Anuran,Ranidae,Carnivore,Permanent Water,Vivarium
UHM34,Lithobates sylvaticus,Lithobates,Aquatic-Terrestrial-Fossorial,Anuran,Ranidae,Carnivore,Permanent Water,Vivarium
UHM35,Lithobates sylvaticus,Lithobates,Aquatic-Terrestrial-Fossorial,Anuran,Ranidae,Carnivore,Permanent Water,Vivarium
UHM36,Lithobates sylvaticus,Lithobates,Aquatic-Terrestrial-Fossorial,Anuran,Ranidae,Carnivore,Permanent Water,Vivarium
UHM37,Lithobates sylvaticus,Lithobates,Aquatic-Terrestrial-Fossorial,Anuran,Ranidae,Carnivore,Permanent Water,Vivarium
UHM38,Lithobates sylvaticus,Lithobates,Aquatic-Terrestrial-Fossorial,Anuran,Ranidae,Carnivore,Permanent Water,Vivarium
UHM39,Lithobates sylvaticus,Lithobates,Aquatic-Terrestrial-Fossorial,Anuran,Ranidae,Carnivore,Permanent Water,Vivarium
UHM40,Lithobates sylvaticus,Lithobates,Aquatic-Terrestrial-Fossorial,Anuran,Ranidae,Carnivore,Permanent Water,Vivarium
UHM41,Lithobates sylvaticus,Lithobates,Aquatic-Terrestrial-Fossorial,Anuran,Ranidae,Carnivore,Permanent Water,Vivarium
UHM42,Lithobates sylvaticus,Lithobates,Aquatic-Terrestrial-Fossorial,Anuran,Ranidae,Carnivore,Permanent Water,Vivarium
UHM43,Lithobates sylvaticus,Lithobates,Aquatic-Terrestrial-Fossorial,Anuran,Ranidae,Carnivore,Permanent Water,Vivarium
UHM44,Lithobates sylvaticus,Lithobates,Aquatic-Terrestrial-Fossorial,Anuran,Ranidae,Carnivore,Permanent Water,Vivarium
UHM45,Lithobates sylvaticus,Lithobates,Aquatic-Terrestrial-Fossorial,Anuran,Ranidae,Carnivore,Permanent Water,Vivarium
UHM46,Lithobates sylvaticus,Lithobates,Aquatic-Terrestrial-Fossorial,Anuran,Ranidae,Carnivore,Permanent Water,Vivarium
UHM47,Lithobates sylvaticus,Lithobates,Aquatic-Terrestrial-Fossorial,Anuran,Ranidae,Carnivore,Permanent Water,Vivarium
UHM48,Lithobates sylvaticus,Lithobates,Aquatic-Terrestrial-Fossorial,Anuran,Ranidae,Carnivore,Permanent Water,Vivarium
UHM49,Lithobates sylvaticus,Lithobates,Aquatic-Terrestrial-Fossorial,Anuran,Ranidae,Carnivore,Permanent Water,Vivarium
UHM50,Lithobates sylvaticus,Lithobates,Aquatic-Terrestrial-Fossorial,Anuran,Ranidae,Carnivore,Permanent Water,Vivarium
UHM51,Lithobates sylvaticus,Lithobates,Aquatic-Terrestrial-Fossorial,Anuran,Ranidae,Carnivore,Permanent Water,Vivarium
UHM52,Lithobates sylvaticus,Lithobates,Aquatic-Terrestrial-Fossorial,Anuran,Ranidae,Carnivore,Permanent Water,Vivarium
UHM53,Lithobates sylvaticus,Lithobates,Aquatic-Terrestrial-Fossorial,Anuran,Ranidae,Carnivore,Permanent Water,Vivarium
UHM54,Lithobates sylvaticus,Lithobates,Aquatic-Terrestrial-Fossorial,Anuran,Ranidae,Carnivore,Permanent Water,Vivarium
UHM55,Lithobates sylvaticus,Lithobates,Aquatic-Terrestrial-Fossorial,Anuran,Ranidae,Carnivore,Permanent Water,Vivarium
UHM56,Lithobates sylvaticus,Lithobates,Aquatic-Terrestrial-Fossorial,Anuran,Ranidae,Carnivore,Permanent Water,Vivarium
UHM57,Lithobates sylvaticus,Lithobates,Aquatic-Terrestrial-Fossorial,Anuran,Ranidae,Carnivore,Permanent Water,Vivarium
UHM58,Lithobates sylvaticus,Lithobates,Aquatic-Terrestrial-Fossorial,Anuran,Ranidae,Carnivore,Permanent Water,Vivarium
UHM59,Lithobates sylvaticus,Lithobates,Aquatic-Terrestrial-Fossorial,Anuran,Ranidae,Carnivore,Permanent Water,Vivarium
UHM60,Lithobates sylvaticus,Lithobates,Aquatic-Terrestrial-Fossorial,Anuran,Ranidae,Carnivore,Permanent Water,Vivarium
UHM61,Lithobates sylvaticus,Lithobates,Aquatic-Terrestrial-Fossorial,Anuran,Ranidae,Carnivore,Permanent Water,Vivarium
UHM62,Lithobates sylvaticus,Lithobates,Aquatic-Terrestrial-Fossorial,Anuran,Ranidae,Carnivore,Permanent Water,Vivarium
UHM63,Lithobates sylvaticus,Lithobates,Aquatic-Terrestrial-Fossorial,Anuran,Ranidae,Carnivore,Permanent Water,Vivarium
UHM64,Lithobates sylvaticus,Lithobates,Aquatic-Terrestrial-Fossorial,Anuran,Ranidae,Carnivore,Permanent Water,Vivarium
UHM65,Lithobates sylvaticus,Lithobates,Aquatic-Terrestrial-Fossorial,Anuran,Ranidae,Carnivore,Permanent Water,Vivarium
UHM66,Lithobates sylvaticus,Lithobates,Aquatic-Terrestrial-Fossorial,Anuran,Ranidae,Carnivore,Permanent Water,Vivarium
UHM67,Lithobates sylvaticus,Lithobates,Aquatic-Terrestrial-Fossorial,Anuran,Ranidae,Carnivore,Permanent Water,Vivarium
UHM68,Lithobates sylvaticus,Lithobates,Aquatic-Terrestrial-Fossorial,Anuran,Ranidae,Carnivore,Permanent Water,Vivarium
UHM69,Lithobates sylvaticus,Lithobates,Aquatic-Terrestrial-Fossorial,Anuran,Ranidae,Carnivore,Permanent Water,Vivarium
UHM70,Lithobates sylvaticus,Lithobates,Aquatic-Terrestrial-Fossorial,Anuran,Ranidae,Carnivore,Permanent Water,Vivarium
UHM71,Lithobates sylvaticus,Lithobates,Aquatic-Terrestrial-Fossorial,Anuran,Ranidae,Carnivore,Permanent Water,Vivarium
UHM72,Lithobates sylvaticus,Lithobates,Aquatic-Terrestrial-Fossorial,Anuran,Ranidae,Carnivore,Permanent Water,Vivarium
UHM73,Lithobates sylvaticus,Lithobates,Aquatic-Terrestrial-Fossorial,Anuran,Ranidae,Carnivore,Permanent Water,Vivarium
UHM74,Lithobates sylvaticus,Lithobates,Aquatic-Terrestrial-Fossorial,Anuran,Ranidae,Carnivore,Permanent Water,Vivarium
UHM75,Lithobates sylvaticus,Lithobates,Aquatic-Terrestrial-Fossorial,Anuran,Ranidae,Carnivore,Permanent Water,Vivarium
UHM76,Lithobates sylvaticus,Lithobates,Aquatic-Terrestrial-Fossorial,Anuran,Ranidae,Carnivore,Permanent Water,Vivarium
UHM77,Lithobates sylvaticus,Lithobates,Aquatic-Terrestrial-Fossorial,Anuran,Ranidae,Carnivore,Permanent Water,Vivarium
UHM78,Lithobates sylvaticus,Lithobates,Aquatic-Terrestrial-Fossorial,Anuran,Ranidae,Carnivore,Permanent Water,Vivarium
UHM79,Lithobates sylvaticus,Lithobates,Aquatic-Terrestrial-Fossorial,Anuran,Ranidae,Carnivore,Permanent Water,Vivarium
UHM8,Lithobates sylvaticus,Lithobates,Aquatic-Terrestrial-Fossorial,Anuran,Ranidae,Carnivore,Permanent Water,Vivarium
UHM80,Lithobates sylvaticus,Lithobates,Aquatic-Terrestrial-Fossorial,Anuran,Ranidae,Carnivore,Permanent Water,Vivarium
UHM81,Lithobates sylvaticus,Lithobates,Aquatic-Terrestrial-Fossorial,Anuran,Ranidae,Carnivore,Permanent Water,Vivarium
UHM82,Lithobates sylvaticus,Lithobates,Aquatic-Terrestrial-Fossorial,Anuran,Ranidae,Carnivore,Permanent Water,Vivarium
UHM83,Lithobates sylvaticus,Lithobates,Aquatic-Terrestrial-Fossorial,Anuran,Ranidae,Carnivore,Permanent Water,Vivarium
UHM84,Lithobates sylvaticus,Lithobates,Aquatic-Terrestrial-Fossorial,Anuran,Ranidae,Carnivore,Permanent Water,Vivarium
UHM85,Lithobates sylvaticus,Lithobates,Aquatic-Terrestrial-Fossorial,Anuran,Ranidae,Carnivore,Permanent Water,Vivarium
UHM86,Lithobates sylvaticus,Lithobates,Aquatic-Terrestrial-Fossorial,Anuran,Ranidae,Carnivore,Permanent Water,Vivarium
UHM87,Lithobates sylvaticus,Lithobates,Aquatic-Terrestrial-Fossorial,Anuran,Ranidae,Carnivore,Permanent Water,Vivarium
UHM88,Lithobates sylvaticus,Lithobates,Aquatic-Terrestrial-Fossorial,Anuran,Ranidae,Carnivore,Permanent Water,Vivarium
UHM89,Lithobates sylvaticus,Lithobates,Aquatic-Terrestrial-Fossorial,Anuran,Ranidae,Carnivore,Permanent Water,Vivarium
UHM9,Lithobates sylvaticus,Lithobates,Aquatic-Terrestrial-Fossorial,Anuran,Ranidae,Carnivore,Permanent Water,Vivarium
UHM90,Lithobates sylvaticus,Lithobates,Aquatic-Terrestrial-Fossorial,Anuran,Ranidae,Carnivore,Permanent Water,Vivarium
UHM91,Lithobates sylvaticus,Lithobates,Aquatic-Terrestrial-Fossorial,Anuran,Ranidae,Carnivore,Permanent Water,Vivarium
UHM92,Lithobates sylvaticus,Lithobates,Aquatic-Terrestrial-Fossorial,Anuran,Ranidae,Carnivore,Permanent Water,Vivarium
UHM93,Lithobates sylvaticus,Lithobates,Aquatic-Terrestrial-Fossorial,Anuran,Ranidae,Carnivore,Permanent Water,Vivarium
UHM94,Lithobates sylvaticus,Lithobates,Aquatic-Terrestrial-Fossorial,Anuran,Ranidae,Carnivore,Permanent Water,Vivarium
UHM95,Lithobates sylvaticus,Lithobates,Aquatic-Terrestrial-Fossorial,Anuran,Ranidae,Carnivore,Permanent Water,Vivarium
UHM96,Lithobates sylvaticus,Lithobates,Aquatic-Terrestrial-Fossorial,Anuran,Ranidae,Carnivore,Permanent Water,Vivarium
UHM97,Lithobates sylvaticus,Lithobates,Aquatic-Terrestrial-Fossorial,Anuran,Ranidae,Carnivore,Permanent Water,Vivarium
UHM98,Lithobates sylvaticus,Lithobates,Aquatic-Terrestrial-Fossorial,Anuran,Ranidae,Carnivore,Permanent Water,Vivarium
UHM99,Lithobates sylvaticus,Lithobates,Aquatic-Terrestrial-Fossorial,Anuran,Ranidae,Carnivore,Permanent Water,Vivarium
